Year,GDP_current_USD_billions,State,Population_2021
1952,22.095,Uttar Pradesh,237882725
1952,22.095,Maharashtra,125744000
1952,22.095,Bihar,124799926
1952,22.095,West Bengal,100666000
1952,22.095,Madhya Pradesh,86262000
1952,22.095,Tamil Nadu,77840000
1952,22.095,Rajasthan,81032689
1952,22.095,Karnataka,70200000
1952,22.095,Gujarat,69200000
1952,22.095,Andhra Pradesh,53900000
1952,22.095,Odisha,46300000
1952,22.095,Telangana,39500000
1952,22.095,Kerala,35600000
1952,22.095,Jharkhand,38500000
1952,22.095,Assam,35600000
1952,22.095,Punjab,30400000
1952,22.095,Chhattisgarh,29400000
1952,22.095,Haryana,28900000
1952,22.095,Delhi,20000000
1952,22.095,Jammu & Kashmir,13600000
1952,22.095,Uttarakhand,11200000
1952,22.095,Himachal Pradesh,7500000
1952,22.095,Tripura,4100000
1952,22.095,Meghalaya,3600000
1952,22.095,Manipur,3100000
1952,22.095,Nagaland,2200000
1952,22.095,Goa,1600000
1952,22.095,Arunachal Pradesh,1500000
1952,22.095,Mizoram,1200000
1952,22.095,Sikkim,700000
1952,22.095,Chandigarh,1200000
1953,24.631,Uttar Pradesh,237882725
1953,24.631,Maharashtra,125744000
1953,24.631,Bihar,124799926
1953,24.631,West Bengal,100666000
1953,24.631,Madhya Pradesh,86262000
1953,24.631,Tamil Nadu,77840000
1953,24.631,Rajasthan,81032689
1953,24.631,Karnataka,70200000
1953,24.631,Gujarat,69200000
1953,24.631,Andhra Pradesh,53900000
1953,24.631,Odisha,46300000
1953,24.631,Telangana,39500000
1953,24.631,Kerala,35600000
1953,24.631,Jharkhand,38500000
1953,24.631,Assam,35600000
1953,24.631,Punjab,30400000
1953,24.631,Chhattisgarh,29400000
1953,24.631,Haryana,28900000
1953,24.631,Delhi,20000000
1953,24.631,Jammu & Kashmir,13600000
1953,24.631,Uttarakhand,11200000
1953,24.631,Himachal Pradesh,7500000
1953,24.631,Tripura,4100000
1953,24.631,Meghalaya,3600000
1953,24.631,Manipur,3100000
1953,24.631,Nagaland,2200000
1953,24.631,Goa,1600000
1953,24.631,Arunachal Pradesh,1500000
1953,24.631,Mizoram,1200000
1953,24.631,Sikkim,700000
1953,24.631,Chandigarh,1200000
1954,24.202,Uttar Pradesh,237882725
1954,24.202,Maharashtra,125744000
1954,24.202,Bihar,124799926
1954,24.202,West Bengal,100666000
1954,24.202,Madhya Pradesh,86262000
1954,24.202,Tamil Nadu,77840000
1954,24.202,Rajasthan,81032689
1954,24.202,Karnataka,70200000
1954,24.202,Gujarat,69200000
1954,24.202,Andhra Pradesh,53900000
1954,24.202,Odisha,46300000
1954,24.202,Telangana,39500000
1954,24.202,Kerala,35600000
1954,24.202,Jharkhand,38500000
1954,24.202,Assam,35600000
1954,24.202,Punjab,30400000
1954,24.202,Chhattisgarh,29400000
1954,24.202,Haryana,28900000
1954,24.202,Delhi,20000000
1954,24.202,Jammu & Kashmir,13600000
1954,24.202,Uttarakhand,11200000
1954,24.202,Himachal Pradesh,7500000
1954,24.202,Tripura,4100000
1954,24.202,Meghalaya,3600000
1954,24.202,Manipur,3100000
1954,24.202,Nagaland,2200000
1954,24.202,Goa,1600000
1954,24.202,Arunachal Pradesh,1500000
1954,24.202,Mizoram,1200000
1954,24.202,Sikkim,700000
1954,24.202,Chandigarh,1200000
1955,25.487,Uttar Pradesh,237882725
1955,25.487,Maharashtra,125744000
1955,25.487,Bihar,124799926
1955,25.487,West Bengal,100666000
1955,25.487,Madhya Pradesh,86262000
1955,25.487,Tamil Nadu,77840000
1955,25.487,Rajasthan,81032689
1955,25.487,Karnataka,70200000
1955,25.487,Gujarat,69200000
1955,25.487,Andhra Pradesh,53900000
1955,25.487,Odisha,46300000
1955,25.487,Telangana,39500000
1955,25.487,Kerala,35600000
1955,25.487,Jharkhand,38500000
1955,25.487,Assam,35600000
1955,25.487,Punjab,30400000
1955,25.487,Chhattisgarh,29400000
1955,25.487,Haryana,28900000
1955,25.487,Delhi,20000000
1955,25.487,Jammu & Kashmir,13600000
1955,25.487,Uttarakhand,11200000
1955,25.487,Himachal Pradesh,7500000
1955,25.487,Tripura,4100000
1955,25.487,Meghalaya,3600000
1955,25.487,Manipur,3100000
1955,25.487,Nagaland,2200000
1955,25.487,Goa,1600000
1955,25.487,Arunachal Pradesh,1500000
1955,25.487,Mizoram,1200000
1955,25.487,Sikkim,700000
1955,25.487,Chandigarh,1200000
1956,28.352,Uttar Pradesh,237882725
1956,28.352,Maharashtra,125744000
1956,28.352,Bihar,124799926
1956,28.352,West Bengal,100666000
1956,28.352,Madhya Pradesh,86262000
1956,28.352,Tamil Nadu,77840000
1956,28.352,Rajasthan,81032689
1956,28.352,Karnataka,70200000
1956,28.352,Gujarat,69200000
1956,28.352,Andhra Pradesh,53900000
1956,28.352,Odisha,46300000
1956,28.352,Telangana,39500000
1956,28.352,Kerala,35600000
1956,28.352,Jharkhand,38500000
1956,28.352,Assam,35600000
1956,28.352,Punjab,30400000
1956,28.352,Chhattisgarh,29400000
1956,28.352,Haryana,28900000
1956,28.352,Delhi,20000000
1956,28.352,Jammu & Kashmir,13600000
1956,28.352,Uttarakhand,11200000
1956,28.352,Himachal Pradesh,7500000
1956,28.352,Tripura,4100000
1956,28.352,Meghalaya,3600000
1956,28.352,Manipur,3100000
1956,28.352,Nagaland,2200000
1956,28.352,Goa,1600000
1956,28.352,Arunachal Pradesh,1500000
1956,28.352,Mizoram,1200000
1956,28.352,Sikkim,700000
1956,28.352,Chandigarh,1200000
1957,29.365,Uttar Pradesh,237882725
1957,29.365,Maharashtra,125744000
1957,29.365,Bihar,124799926
1957,29.365,West Bengal,100666000
1957,29.365,Madhya Pradesh,86262000
1957,29.365,Tamil Nadu,77840000
1957,29.365,Rajasthan,81032689
1957,29.365,Karnataka,70200000
1957,29.365,Gujarat,69200000
1957,29.365,Andhra Pradesh,53900000
1957,29.365,Odisha,46300000
1957,29.365,Telangana,39500000
1957,29.365,Kerala,35600000
1957,29.365,Jharkhand,38500000
1957,29.365,Assam,35600000
1957,29.365,Punjab,30400000
1957,29.365,Chhattisgarh,29400000
1957,29.365,Haryana,28900000
1957,29.365,Delhi,20000000
1957,29.365,Jammu & Kashmir,13600000
1957,29.365,Uttarakhand,11200000
1957,29.365,Himachal Pradesh,7500000
1957,29.365,Tripura,4100000
1957,29.365,Meghalaya,3600000
1957,29.365,Manipur,3100000
1957,29.365,Nagaland,2200000
1957,29.365,Goa,1600000
1957,29.365,Arunachal Pradesh,1500000
1957,29.365,Mizoram,1200000
1957,29.365,Sikkim,700000
1957,29.365,Chandigarh,1200000
1958,34.029,Uttar Pradesh,237882725
1958,34.029,Maharashtra,125744000
1958,34.029,Bihar,124799926
1958,34.029,West Bengal,100666000
1958,34.029,Madhya Pradesh,86262000
1958,34.029,Tamil Nadu,77840000
1958,34.029,Rajasthan,81032689
1958,34.029,Karnataka,70200000
1958,34.029,Gujarat,69200000
1958,34.029,Andhra Pradesh,53900000
1958,34.029,Odisha,46300000
1958,34.029,Telangana,39500000
1958,34.029,Kerala,35600000
1958,34.029,Jharkhand,38500000
1958,34.029,Assam,35600000
1958,34.029,Punjab,30400000
1958,34.029,Chhattisgarh,29400000
1958,34.029,Haryana,28900000
1958,34.029,Delhi,20000000
1958,34.029,Jammu & Kashmir,13600000
1958,34.029,Uttarakhand,11200000
1958,34.029,Himachal Pradesh,7500000
1958,34.029,Tripura,4100000
1958,34.029,Meghalaya,3600000
1958,34.029,Manipur,3100000
1958,34.029,Nagaland,2200000
1958,34.029,Goa,1600000
1958,34.029,Arunachal Pradesh,1500000
1958,34.029,Mizoram,1200000
1958,34.029,Sikkim,700000
1958,34.029,Chandigarh,1200000
1959,37.076,Uttar Pradesh,237882725
1959,37.076,Maharashtra,125744000
1959,37.076,Bihar,124799926
1959,37.076,West Bengal,100666000
1959,37.076,Madhya Pradesh,86262000
1959,37.076,Tamil Nadu,77840000
1959,37.076,Rajasthan,81032689
1959,37.076,Karnataka,70200000
1959,37.076,Gujarat,69200000
1959,37.076,Andhra Pradesh,53900000
1959,37.076,Odisha,46300000
1959,37.076,Telangana,39500000
1959,37.076,Kerala,35600000
1959,37.076,Jharkhand,38500000
1959,37.076,Assam,35600000
1959,37.076,Punjab,30400000
1959,37.076,Chhattisgarh,29400000
1959,37.076,Haryana,28900000
1959,37.076,Delhi,20000000
1959,37.076,Jammu & Kashmir,13600000
1959,37.076,Uttarakhand,11200000
1959,37.076,Himachal Pradesh,7500000
1959,37.076,Tripura,4100000
1959,37.076,Meghalaya,3600000
1959,37.076,Manipur,3100000
1959,37.076,Nagaland,2200000
1959,37.076,Goa,1600000
1959,37.076,Arunachal Pradesh,1500000
1959,37.076,Mizoram,1200000
1959,37.076,Sikkim,700000
1959,37.076,Chandigarh,1200000
1960,39.027,Uttar Pradesh,237882725
1960,39.027,Maharashtra,125744000
1960,39.027,Bihar,124799926
1960,39.027,West Bengal,100666000
1960,39.027,Madhya Pradesh,86262000
1960,39.027,Tamil Nadu,77840000
1960,39.027,Rajasthan,81032689
1960,39.027,Karnataka,70200000
1960,39.027,Gujarat,69200000
1960,39.027,Andhra Pradesh,53900000
1960,39.027,Odisha,46300000
1960,39.027,Telangana,39500000
1960,39.027,Kerala,35600000
1960,39.027,Jharkhand,38500000
1960,39.027,Assam,35600000
1960,39.027,Punjab,30400000
1960,39.027,Chhattisgarh,29400000
1960,39.027,Haryana,28900000
1960,39.027,Delhi,20000000
1960,39.027,Jammu & Kashmir,13600000
1960,39.027,Uttarakhand,11200000
1960,39.027,Himachal Pradesh,7500000
1960,39.027,Tripura,4100000
1960,39.027,Meghalaya,3600000
1960,39.027,Manipur,3100000
1960,39.027,Nagaland,2200000
1960,39.027,Goa,1600000
1960,39.027,Arunachal Pradesh,1500000
1960,39.027,Mizoram,1200000
1960,39.027,Sikkim,700000
1960,39.027,Chandigarh,1200000
1961,43.136,Uttar Pradesh,237882725
1961,43.136,Maharashtra,125744000
1961,43.136,Bihar,124799926
1961,43.136,West Bengal,100666000
1961,43.136,Madhya Pradesh,86262000
1961,43.136,Tamil Nadu,77840000
1961,43.136,Rajasthan,81032689
1961,43.136,Karnataka,70200000
1961,43.136,Gujarat,69200000
1961,43.136,Andhra Pradesh,53900000
1961,43.136,Odisha,46300000
1961,43.136,Telangana,39500000
1961,43.136,Kerala,35600000
1961,43.136,Jharkhand,38500000
1961,43.136,Assam,35600000
1961,43.136,Punjab,30400000
1961,43.136,Chhattisgarh,29400000
1961,43.136,Haryana,28900000
1961,43.136,Delhi,20000000
1961,43.136,Jammu & Kashmir,13600000
1961,43.136,Uttarakhand,11200000
1961,43.136,Himachal Pradesh,7500000
1961,43.136,Tripura,4100000
1961,43.136,Meghalaya,3600000
1961,43.136,Manipur,3100000
1961,43.136,Nagaland,2200000
1961,43.136,Goa,1600000
1961,43.136,Arunachal Pradesh,1500000
1961,43.136,Mizoram,1200000
1961,43.136,Sikkim,700000
1961,43.136,Chandigarh,1200000
1962,47.396,Uttar Pradesh,237882725
1962,47.396,Maharashtra,125744000
1962,47.396,Bihar,124799926
1962,47.396,West Bengal,100666000
1962,47.396,Madhya Pradesh,86262000
1962,47.396,Tamil Nadu,77840000
1962,47.396,Rajasthan,81032689
1962,47.396,Karnataka,70200000
1962,47.396,Gujarat,69200000
1962,47.396,Andhra Pradesh,53900000
1962,47.396,Odisha,46300000
1962,47.396,Telangana,39500000
1962,47.396,Kerala,35600000
1962,47.396,Jharkhand,38500000
1962,47.396,Assam,35600000
1962,47.396,Punjab,30400000
1962,47.396,Chhattisgarh,29400000
1962,47.396,Haryana,28900000
1962,47.396,Delhi,20000000
1962,47.396,Jammu & Kashmir,13600000
1962,47.396,Uttarakhand,11200000
1962,47.396,Himachal Pradesh,7500000
1962,47.396,Tripura,4100000
1962,47.396,Meghalaya,3600000
1962,47.396,Manipur,3100000
1962,47.396,Nagaland,2200000
1962,47.396,Goa,1600000
1962,47.396,Arunachal Pradesh,1500000
1962,47.396,Mizoram,1200000
1962,47.396,Sikkim,700000
1962,47.396,Chandigarh,1200000
1963,52.743,Uttar Pradesh,237882725
1963,52.743,Maharashtra,125744000
1963,52.743,Bihar,124799926
1963,52.743,West Bengal,100666000
1963,52.743,Madhya Pradesh,86262000
1963,52.743,Tamil Nadu,77840000
1963,52.743,Rajasthan,81032689
1963,52.743,Karnataka,70200000
1963,52.743,Gujarat,69200000
1963,52.743,Andhra Pradesh,53900000
1963,52.743,Odisha,46300000
1963,52.743,Telangana,39500000
1963,52.743,Kerala,35600000
1963,52.743,Jharkhand,38500000
1963,52.743,Assam,35600000
1963,52.743,Punjab,30400000
1963,52.743,Chhattisgarh,29400000
1963,52.743,Haryana,28900000
1963,52.743,Delhi,20000000
1963,52.743,Jammu & Kashmir,13600000
1963,52.743,Uttarakhand,11200000
1963,52.743,Himachal Pradesh,7500000
1963,52.743,Tripura,4100000
1963,52.743,Meghalaya,3600000
1963,52.743,Manipur,3100000
1963,52.743,Nagaland,2200000
1963,52.743,Goa,1600000
1963,52.743,Arunachal Pradesh,1500000
1963,52.743,Mizoram,1200000
1963,52.743,Sikkim,700000
1963,52.743,Chandigarh,1200000
1964,57.642,Uttar Pradesh,237882725
1964,57.642,Maharashtra,125744000
1964,57.642,Bihar,124799926
1964,57.642,West Bengal,100666000
1964,57.642,Madhya Pradesh,86262000
1964,57.642,Tamil Nadu,77840000
1964,57.642,Rajasthan,81032689
1964,57.642,Karnataka,70200000
1964,57.642,Gujarat,69200000
1964,57.642,Andhra Pradesh,53900000
1964,57.642,Odisha,46300000
1964,57.642,Telangana,39500000
1964,57.642,Kerala,35600000
1964,57.642,Jharkhand,38500000
1964,57.642,Assam,35600000
1964,57.642,Punjab,30400000
1964,57.642,Chhattisgarh,29400000
1964,57.642,Haryana,28900000
1964,57.642,Delhi,20000000
1964,57.642,Jammu & Kashmir,13600000
1964,57.642,Uttarakhand,11200000
1964,57.642,Himachal Pradesh,7500000
1964,57.642,Tripura,4100000
1964,57.642,Meghalaya,3600000
1964,57.642,Manipur,3100000
1964,57.642,Nagaland,2200000
1964,57.642,Goa,1600000
1964,57.642,Arunachal Pradesh,1500000
1964,57.642,Mizoram,1200000
1964,57.642,Sikkim,700000
1964,57.642,Chandigarh,1200000
1965,58.503,Uttar Pradesh,237882725
1965,58.503,Maharashtra,125744000
1965,58.503,Bihar,124799926
1965,58.503,West Bengal,100666000
1965,58.503,Madhya Pradesh,86262000
1965,58.503,Tamil Nadu,77840000
1965,58.503,Rajasthan,81032689
1965,58.503,Karnataka,70200000
1965,58.503,Gujarat,69200000
1965,58.503,Andhra Pradesh,53900000
1965,58.503,Odisha,46300000
1965,58.503,Telangana,39500000
1965,58.503,Kerala,35600000
1965,58.503,Jharkhand,38500000
1965,58.503,Assam,35600000
1965,58.503,Punjab,30400000
1965,58.503,Chhattisgarh,29400000
1965,58.503,Haryana,28900000
1965,58.503,Delhi,20000000
1965,58.503,Jammu & Kashmir,13600000
1965,58.503,Uttarakhand,11200000
1965,58.503,Himachal Pradesh,7500000
1965,58.503,Tripura,4100000
1965,58.503,Meghalaya,3600000
1965,58.503,Manipur,3100000
1965,58.503,Nagaland,2200000
1965,58.503,Goa,1600000
1965,58.503,Arunachal Pradesh,1500000
1965,58.503,Mizoram,1200000
1965,58.503,Sikkim,700000
1965,58.503,Chandigarh,1200000
1966,63.585,Uttar Pradesh,237882725
1966,63.585,Maharashtra,125744000
1966,63.585,Bihar,124799926
1966,63.585,West Bengal,100666000
1966,63.585,Madhya Pradesh,86262000
1966,63.585,Tamil Nadu,77840000
1966,63.585,Rajasthan,81032689
1966,63.585,Karnataka,70200000
1966,63.585,Gujarat,69200000
1966,63.585,Andhra Pradesh,53900000
1966,63.585,Odisha,46300000
1966,63.585,Telangana,39500000
1966,63.585,Kerala,35600000
1966,63.585,Jharkhand,38500000
1966,63.585,Assam,35600000
1966,63.585,Punjab,30400000
1966,63.585,Chhattisgarh,29400000
1966,63.585,Haryana,28900000
1966,63.585,Delhi,20000000
1966,63.585,Jammu & Kashmir,13600000
1966,63.585,Uttarakhand,11200000
1966,63.585,Himachal Pradesh,7500000
1966,63.585,Tripura,4100000
1966,63.585,Meghalaya,3600000
1966,63.585,Manipur,3100000
1966,63.585,Nagaland,2200000
1966,63.585,Goa,1600000
1966,63.585,Arunachal Pradesh,1500000
1966,63.585,Mizoram,1200000
1966,63.585,Sikkim,700000
1966,63.585,Chandigarh,1200000
1967,68.515,Uttar Pradesh,237882725
1967,68.515,Maharashtra,125744000
1967,68.515,Bihar,124799926
1967,68.515,West Bengal,100666000
1967,68.515,Madhya Pradesh,86262000
1967,68.515,Tamil Nadu,77840000
1967,68.515,Rajasthan,81032689
1967,68.515,Karnataka,70200000
1967,68.515,Gujarat,69200000
1967,68.515,Andhra Pradesh,53900000
1967,68.515,Odisha,46300000
1967,68.515,Telangana,39500000
1967,68.515,Kerala,35600000
1967,68.515,Jharkhand,38500000
1967,68.515,Assam,35600000
1967,68.515,Punjab,30400000
1967,68.515,Chhattisgarh,29400000
1967,68.515,Haryana,28900000
1967,68.515,Delhi,20000000
1967,68.515,Jammu & Kashmir,13600000
1967,68.515,Uttarakhand,11200000
1967,68.515,Himachal Pradesh,7500000
1967,68.515,Tripura,4100000
1967,68.515,Meghalaya,3600000
1967,68.515,Manipur,3100000
1967,68.515,Nagaland,2200000
1967,68.515,Goa,1600000
1967,68.515,Arunachal Pradesh,1500000
1967,68.515,Mizoram,1200000
1967,68.515,Sikkim,700000
1967,68.515,Chandigarh,1200000
1968,74.206,Uttar Pradesh,237882725
1968,74.206,Maharashtra,125744000
1968,74.206,Bihar,124799926
1968,74.206,West Bengal,100666000
1968,74.206,Madhya Pradesh,86262000
1968,74.206,Tamil Nadu,77840000
1968,74.206,Rajasthan,81032689
1968,74.206,Karnataka,70200000
1968,74.206,Gujarat,69200000
1968,74.206,Andhra Pradesh,53900000
1968,74.206,Odisha,46300000
1968,74.206,Telangana,39500000
1968,74.206,Kerala,35600000
1968,74.206,Jharkhand,38500000
1968,74.206,Assam,35600000
1968,74.206,Punjab,30400000
1968,74.206,Chhattisgarh,29400000
1968,74.206,Haryana,28900000
1968,74.206,Delhi,20000000
1968,74.206,Jammu & Kashmir,13600000
1968,74.206,Uttarakhand,11200000
1968,74.206,Himachal Pradesh,7500000
1968,74.206,Tripura,4100000
1968,74.206,Meghalaya,3600000
1968,74.206,Manipur,3100000
1968,74.206,Nagaland,2200000
1968,74.206,Goa,1600000
1968,74.206,Arunachal Pradesh,1500000
1968,74.206,Mizoram,1200000
1968,74.206,Sikkim,700000
1968,74.206,Chandigarh,1200000
1969,82.14,Uttar Pradesh,237882725
1969,82.14,Maharashtra,125744000
1969,82.14,Bihar,124799926
1969,82.14,West Bengal,100666000
1969,82.14,Madhya Pradesh,86262000
1969,82.14,Tamil Nadu,77840000
1969,82.14,Rajasthan,81032689
1969,82.14,Karnataka,70200000
1969,82.14,Gujarat,69200000
1969,82.14,Andhra Pradesh,53900000
1969,82.14,Odisha,46300000
1969,82.14,Telangana,39500000
1969,82.14,Kerala,35600000
1969,82.14,Jharkhand,38500000
1969,82.14,Assam,35600000
1969,82.14,Punjab,30400000
1969,82.14,Chhattisgarh,29400000
1969,82.14,Haryana,28900000
1969,82.14,Delhi,20000000
1969,82.14,Jammu & Kashmir,13600000
1969,82.14,Uttarakhand,11200000
1969,82.14,Himachal Pradesh,7500000
1969,82.14,Tripura,4100000
1969,82.14,Meghalaya,3600000
1969,82.14,Manipur,3100000
1969,82.14,Nagaland,2200000
1969,82.14,Goa,1600000
1969,82.14,Arunachal Pradesh,1500000
1969,82.14,Mizoram,1200000
1969,82.14,Sikkim,700000
1969,82.14,Chandigarh,1200000
1970,88.869,Uttar Pradesh,237882725
1970,88.869,Maharashtra,125744000
1970,88.869,Bihar,124799926
1970,88.869,West Bengal,100666000
1970,88.869,Madhya Pradesh,86262000
1970,88.869,Tamil Nadu,77840000
1970,88.869,Rajasthan,81032689
1970,88.869,Karnataka,70200000
1970,88.869,Gujarat,69200000
1970,88.869,Andhra Pradesh,53900000
1970,88.869,Odisha,46300000
1970,88.869,Telangana,39500000
1970,88.869,Kerala,35600000
1970,88.869,Jharkhand,38500000
1970,88.869,Assam,35600000
1970,88.869,Punjab,30400000
1970,88.869,Chhattisgarh,29400000
1970,88.869,Haryana,28900000
1970,88.869,Delhi,20000000
1970,88.869,Jammu & Kashmir,13600000
1970,88.869,Uttarakhand,11200000
1970,88.869,Himachal Pradesh,7500000
1970,88.869,Tripura,4100000
1970,88.869,Meghalaya,3600000
1970,88.869,Manipur,3100000
1970,88.869,Nagaland,2200000
1970,88.869,Goa,1600000
1970,88.869,Arunachal Pradesh,1500000
1970,88.869,Mizoram,1200000
1970,88.869,Sikkim,700000
1970,88.869,Chandigarh,1200000
1971,95.45,Uttar Pradesh,237882725
1971,95.45,Maharashtra,125744000
1971,95.45,Bihar,124799926
1971,95.45,West Bengal,100666000
1971,95.45,Madhya Pradesh,86262000
1971,95.45,Tamil Nadu,77840000
1971,95.45,Rajasthan,81032689
1971,95.45,Karnataka,70200000
1971,95.45,Gujarat,69200000
1971,95.45,Andhra Pradesh,53900000
1971,95.45,Odisha,46300000
1971,95.45,Telangana,39500000
1971,95.45,Kerala,35600000
1971,95.45,Jharkhand,38500000
1971,95.45,Assam,35600000
1971,95.45,Punjab,30400000
1971,95.45,Chhattisgarh,29400000
1971,95.45,Haryana,28900000
1971,95.45,Delhi,20000000
1971,95.45,Jammu & Kashmir,13600000
1971,95.45,Uttarakhand,11200000
1971,95.45,Himachal Pradesh,7500000
1971,95.45,Tripura,4100000
1971,95.45,Meghalaya,3600000
1971,95.45,Manipur,3100000
1971,95.45,Nagaland,2200000
1971,95.45,Goa,1600000
1971,95.45,Arunachal Pradesh,1500000
1971,95.45,Mizoram,1200000
1971,95.45,Sikkim,700000
1971,95.45,Chandigarh,1200000
1972,107.619,Uttar Pradesh,237882725
1972,107.619,Maharashtra,125744000
1972,107.619,Bihar,124799926
1972,107.619,West Bengal,100666000
1972,107.619,Madhya Pradesh,86262000
1972,107.619,Tamil Nadu,77840000
1972,107.619,Rajasthan,81032689
1972,107.619,Karnataka,70200000
1972,107.619,Gujarat,69200000
1972,107.619,Andhra Pradesh,53900000
1972,107.619,Odisha,46300000
1972,107.619,Telangana,39500000
1972,107.619,Kerala,35600000
1972,107.619,Jharkhand,38500000
1972,107.619,Assam,35600000
1972,107.619,Punjab,30400000
1972,107.619,Chhattisgarh,29400000
1972,107.619,Haryana,28900000
1972,107.619,Delhi,20000000
1972,107.619,Jammu & Kashmir,13600000
1972,107.619,Uttarakhand,11200000
1972,107.619,Himachal Pradesh,7500000
1972,107.619,Tripura,4100000
1972,107.619,Meghalaya,3600000
1972,107.619,Manipur,3100000
1972,107.619,Nagaland,2200000
1972,107.619,Goa,1600000
1972,107.619,Arunachal Pradesh,1500000
1972,107.619,Mizoram,1200000
1972,107.619,Sikkim,700000
1972,107.619,Chandigarh,1200000
1973,126.393,Uttar Pradesh,237882725
1973,126.393,Maharashtra,125744000
1973,126.393,Bihar,124799926
1973,126.393,West Bengal,100666000
1973,126.393,Madhya Pradesh,86262000
1973,126.393,Tamil Nadu,77840000
1973,126.393,Rajasthan,81032689
1973,126.393,Karnataka,70200000
1973,126.393,Gujarat,69200000
1973,126.393,Andhra Pradesh,53900000
1973,126.393,Odisha,46300000
1973,126.393,Telangana,39500000
1973,126.393,Kerala,35600000
1973,126.393,Jharkhand,38500000
1973,126.393,Assam,35600000
1973,126.393,Punjab,30400000
1973,126.393,Chhattisgarh,29400000
1973,126.393,Haryana,28900000
1973,126.393,Delhi,20000000
1973,126.393,Jammu & Kashmir,13600000
1973,126.393,Uttarakhand,11200000
1973,126.393,Himachal Pradesh,7500000
1973,126.393,Tripura,4100000
1973,126.393,Meghalaya,3600000
1973,126.393,Manipur,3100000
1973,126.393,Nagaland,2200000
1973,126.393,Goa,1600000
1973,126.393,Arunachal Pradesh,1500000
1973,126.393,Mizoram,1200000
1973,126.393,Sikkim,700000
1973,126.393,Chandigarh,1200000
1974,147.741,Uttar Pradesh,237882725
1974,147.741,Maharashtra,125744000
1974,147.741,Bihar,124799926
1974,147.741,West Bengal,100666000
1974,147.741,Madhya Pradesh,86262000
1974,147.741,Tamil Nadu,77840000
1974,147.741,Rajasthan,81032689
1974,147.741,Karnataka,70200000
1974,147.741,Gujarat,69200000
1974,147.741,Andhra Pradesh,53900000
1974,147.741,Odisha,46300000
1974,147.741,Telangana,39500000
1974,147.741,Kerala,35600000
1974,147.741,Jharkhand,38500000
1974,147.741,Assam,35600000
1974,147.741,Punjab,30400000
1974,147.741,Chhattisgarh,29400000
1974,147.741,Haryana,28900000
1974,147.741,Delhi,20000000
1974,147.741,Jammu & Kashmir,13600000
1974,147.741,Uttarakhand,11200000
1974,147.741,Himachal Pradesh,7500000
1974,147.741,Tripura,4100000
1974,147.741,Meghalaya,3600000
1974,147.741,Manipur,3100000
1974,147.741,Nagaland,2200000
1974,147.741,Goa,1600000
1974,147.741,Arunachal Pradesh,1500000
1974,147.741,Mizoram,1200000
1974,147.741,Sikkim,700000
1974,147.741,Chandigarh,1200000
1975,146.62,Uttar Pradesh,237882725
1975,146.62,Maharashtra,125744000
1975,146.62,Bihar,124799926
1975,146.62,West Bengal,100666000
1975,146.62,Madhya Pradesh,86262000
1975,146.62,Tamil Nadu,77840000
1975,146.62,Rajasthan,81032689
1975,146.62,Karnataka,70200000
1975,146.62,Gujarat,69200000
1975,146.62,Andhra Pradesh,53900000
1975,146.62,Odisha,46300000
1975,146.62,Telangana,39500000
1975,146.62,Kerala,35600000
1975,146.62,Jharkhand,38500000
1975,146.62,Assam,35600000
1975,146.62,Punjab,30400000
1975,146.62,Chhattisgarh,29400000
1975,146.62,Haryana,28900000
1975,146.62,Delhi,20000000
1975,146.62,Jammu & Kashmir,13600000
1975,146.62,Uttarakhand,11200000
1975,146.62,Himachal Pradesh,7500000
1975,146.62,Tripura,4100000
1975,146.62,Meghalaya,3600000
1975,146.62,Manipur,3100000
1975,146.62,Nagaland,2200000
1975,146.62,Goa,1600000
1975,146.62,Arunachal Pradesh,1500000
1975,146.62,Mizoram,1200000
1975,146.62,Sikkim,700000
1975,146.62,Chandigarh,1200000
1976,152.836,Uttar Pradesh,237882725
1976,152.836,Maharashtra,125744000
1976,152.836,Bihar,124799926
1976,152.836,West Bengal,100666000
1976,152.836,Madhya Pradesh,86262000
1976,152.836,Tamil Nadu,77840000
1976,152.836,Rajasthan,81032689
1976,152.836,Karnataka,70200000
1976,152.836,Gujarat,69200000
1976,152.836,Andhra Pradesh,53900000
1976,152.836,Odisha,46300000
1976,152.836,Telangana,39500000
1976,152.836,Kerala,35600000
1976,152.836,Jharkhand,38500000
1976,152.836,Assam,35600000
1976,152.836,Punjab,30400000
1976,152.836,Chhattisgarh,29400000
1976,152.836,Haryana,28900000
1976,152.836,Delhi,20000000
1976,152.836,Jammu & Kashmir,13600000
1976,152.836,Uttarakhand,11200000
1976,152.836,Himachal Pradesh,7500000
1976,152.836,Tripura,4100000
1976,152.836,Meghalaya,3600000
1976,152.836,Manipur,3100000
1976,152.836,Nagaland,2200000
1976,152.836,Goa,1600000
1976,152.836,Arunachal Pradesh,1500000
1976,152.836,Mizoram,1200000
1976,152.836,Sikkim,700000
1976,152.836,Chandigarh,1200000
1977,162.813,Uttar Pradesh,237882725
1977,162.813,Maharashtra,125744000
1977,162.813,Bihar,124799926
1977,162.813,West Bengal,100666000
1977,162.813,Madhya Pradesh,86262000
1977,162.813,Tamil Nadu,77840000
1977,162.813,Rajasthan,81032689
1977,162.813,Karnataka,70200000
1977,162.813,Gujarat,69200000
1977,162.813,Andhra Pradesh,53900000
1977,162.813,Odisha,46300000
1977,162.813,Telangana,39500000
1977,162.813,Kerala,35600000
1977,162.813,Jharkhand,38500000
1977,162.813,Assam,35600000
1977,162.813,Punjab,30400000
1977,162.813,Chhattisgarh,29400000
1977,162.813,Haryana,28900000
1977,162.813,Delhi,20000000
1977,162.813,Jammu & Kashmir,13600000
1977,162.813,Uttarakhand,11200000
1977,162.813,Himachal Pradesh,7500000
1977,162.813,Tripura,4100000
1977,162.813,Meghalaya,3600000
1977,162.813,Manipur,3100000
1977,162.813,Nagaland,2200000
1977,162.813,Goa,1600000
1977,162.813,Arunachal Pradesh,1500000
1977,162.813,Mizoram,1200000
1977,162.813,Sikkim,700000
1977,162.813,Chandigarh,1200000
1978,170.72,Uttar Pradesh,237882725
1978,170.72,Maharashtra,125744000
1978,170.72,Bihar,124799926
1978,170.72,West Bengal,100666000
1978,170.72,Madhya Pradesh,86262000
1978,170.72,Tamil Nadu,77840000
1978,170.72,Rajasthan,81032689
1978,170.72,Karnataka,70200000
1978,170.72,Gujarat,69200000
1978,170.72,Andhra Pradesh,53900000
1978,170.72,Odisha,46300000
1978,170.72,Telangana,39500000
1978,170.72,Kerala,35600000
1978,170.72,Jharkhand,38500000
1978,170.72,Assam,35600000
1978,170.72,Punjab,30400000
1978,170.72,Chhattisgarh,29400000
1978,170.72,Haryana,28900000
1978,170.72,Delhi,20000000
1978,170.72,Jammu & Kashmir,13600000
1978,170.72,Uttarakhand,11200000
1978,170.72,Himachal Pradesh,7500000
1978,170.72,Tripura,4100000
1978,170.72,Meghalaya,3600000
1978,170.72,Manipur,3100000
1978,170.72,Nagaland,2200000
1978,170.72,Goa,1600000
1978,170.72,Arunachal Pradesh,1500000
1978,170.72,Mizoram,1200000
1978,170.72,Sikkim,700000
1978,170.72,Chandigarh,1200000
1979,188.608,Uttar Pradesh,237882725
1979,188.608,Maharashtra,125744000
1979,188.608,Bihar,124799926
1979,188.608,West Bengal,100666000
1979,188.608,Madhya Pradesh,86262000
1979,188.608,Tamil Nadu,77840000
1979,188.608,Rajasthan,81032689
1979,188.608,Karnataka,70200000
1979,188.608,Gujarat,69200000
1979,188.608,Andhra Pradesh,53900000
1979,188.608,Odisha,46300000
1979,188.608,Telangana,39500000
1979,188.608,Kerala,35600000
1979,188.608,Jharkhand,38500000
1979,188.608,Assam,35600000
1979,188.608,Punjab,30400000
1979,188.608,Chhattisgarh,29400000
1979,188.608,Haryana,28900000
1979,188.608,Delhi,20000000
1979,188.608,Jammu & Kashmir,13600000
1979,188.608,Uttarakhand,11200000
1979,188.608,Himachal Pradesh,7500000
1979,188.608,Tripura,4100000
1979,188.608,Meghalaya,3600000
1979,188.608,Manipur,3100000
1979,188.608,Nagaland,2200000
1979,188.608,Goa,1600000
1979,188.608,Arunachal Pradesh,1500000
1979,188.608,Mizoram,1200000
1979,188.608,Sikkim,700000
1979,188.608,Chandigarh,1200000
1980,189.004,Uttar Pradesh,237882725
1980,189.004,Maharashtra,125744000
1980,189.004,Bihar,124799926
1980,189.004,West Bengal,100666000
1980,189.004,Madhya Pradesh,86262000
1980,189.004,Tamil Nadu,77840000
1980,189.004,Rajasthan,81032689
1980,189.004,Karnataka,70200000
1980,189.004,Gujarat,69200000
1980,189.004,Andhra Pradesh,53900000
1980,189.004,Odisha,46300000
1980,189.004,Telangana,39500000
1980,189.004,Kerala,35600000
1980,189.004,Jharkhand,38500000
1980,189.004,Assam,35600000
1980,189.004,Punjab,30400000
1980,189.004,Chhattisgarh,29400000
1980,189.004,Haryana,28900000
1980,189.004,Delhi,20000000
1980,189.004,Jammu & Kashmir,13600000
1980,189.004,Uttarakhand,11200000
1980,189.004,Himachal Pradesh,7500000
1980,189.004,Tripura,4100000
1980,189.004,Meghalaya,3600000
1980,189.004,Manipur,3100000
1980,189.004,Nagaland,2200000
1980,189.004,Goa,1600000
1980,189.004,Arunachal Pradesh,1500000
1980,189.004,Mizoram,1200000
1980,189.004,Sikkim,700000
1980,189.004,Chandigarh,1200000
1981,208.495,Uttar Pradesh,237882725
1981,208.495,Maharashtra,125744000
1981,208.495,Bihar,124799926
1981,208.495,West Bengal,100666000
1981,208.495,Madhya Pradesh,86262000
1981,208.495,Tamil Nadu,77840000
1981,208.495,Rajasthan,81032689
1981,208.495,Karnataka,70200000
1981,208.495,Gujarat,69200000
1981,208.495,Andhra Pradesh,53900000
1981,208.495,Odisha,46300000
1981,208.495,Telangana,39500000
1981,208.495,Kerala,35600000
1981,208.495,Jharkhand,38500000
1981,208.495,Assam,35600000
1981,208.495,Punjab,30400000
1981,208.495,Chhattisgarh,29400000
1981,208.495,Haryana,28900000
1981,208.495,Delhi,20000000
1981,208.495,Jammu & Kashmir,13600000
1981,208.495,Uttarakhand,11200000
1981,208.495,Himachal Pradesh,7500000
1981,208.495,Tripura,4100000
1981,208.495,Meghalaya,3600000
1981,208.495,Manipur,3100000
1981,208.495,Nagaland,2200000
1981,208.495,Goa,1600000
1981,208.495,Arunachal Pradesh,1500000
1981,208.495,Mizoram,1200000
1981,208.495,Sikkim,700000
1981,208.495,Chandigarh,1200000
1982,225.635,Uttar Pradesh,237882725
1982,225.635,Maharashtra,125744000
1982,225.635,Bihar,124799926
1982,225.635,West Bengal,100666000
1982,225.635,Madhya Pradesh,86262000
1982,225.635,Tamil Nadu,77840000
1982,225.635,Rajasthan,81032689
1982,225.635,Karnataka,70200000
1982,225.635,Gujarat,69200000
1982,225.635,Andhra Pradesh,53900000
1982,225.635,Odisha,46300000
1982,225.635,Telangana,39500000
1982,225.635,Kerala,35600000
1982,225.635,Jharkhand,38500000
1982,225.635,Assam,35600000
1982,225.635,Punjab,30400000
1982,225.635,Chhattisgarh,29400000
1982,225.635,Haryana,28900000
1982,225.635,Delhi,20000000
1982,225.635,Jammu & Kashmir,13600000
1982,225.635,Uttarakhand,11200000
1982,225.635,Himachal Pradesh,7500000
1982,225.635,Tripura,4100000
1982,225.635,Meghalaya,3600000
1982,225.635,Manipur,3100000
1982,225.635,Nagaland,2200000
1982,225.635,Goa,1600000
1982,225.635,Arunachal Pradesh,1500000
1982,225.635,Mizoram,1200000
1982,225.635,Sikkim,700000
1982,225.635,Chandigarh,1200000
1983,234.154,Uttar Pradesh,237882725
1983,234.154,Maharashtra,125744000
1983,234.154,Bihar,124799926
1983,234.154,West Bengal,100666000
1983,234.154,Madhya Pradesh,86262000
1983,234.154,Tamil Nadu,77840000
1983,234.154,Rajasthan,81032689
1983,234.154,Karnataka,70200000
1983,234.154,Gujarat,69200000
1983,234.154,Andhra Pradesh,53900000
1983,234.154,Odisha,46300000
1983,234.154,Telangana,39500000
1983,234.154,Kerala,35600000
1983,234.154,Jharkhand,38500000
1983,234.154,Assam,35600000
1983,234.154,Punjab,30400000
1983,234.154,Chhattisgarh,29400000
1983,234.154,Haryana,28900000
1983,234.154,Delhi,20000000
1983,234.154,Jammu & Kashmir,13600000
1983,234.154,Uttarakhand,11200000
1983,234.154,Himachal Pradesh,7500000
1983,234.154,Tripura,4100000
1983,234.154,Meghalaya,3600000
1983,234.154,Manipur,3100000
1983,234.154,Nagaland,2200000
1983,234.154,Goa,1600000
1983,234.154,Arunachal Pradesh,1500000
1983,234.154,Mizoram,1200000
1983,234.154,Sikkim,700000
1983,234.154,Chandigarh,1200000
1984,265.822,Uttar Pradesh,237882725
1984,265.822,Maharashtra,125744000
1984,265.822,Bihar,124799926
1984,265.822,West Bengal,100666000
1984,265.822,Madhya Pradesh,86262000
1984,265.822,Tamil Nadu,77840000
1984,265.822,Rajasthan,81032689
1984,265.822,Karnataka,70200000
1984,265.822,Gujarat,69200000
1984,265.822,Andhra Pradesh,53900000
1984,265.822,Odisha,46300000
1984,265.822,Telangana,39500000
1984,265.822,Kerala,35600000
1984,265.822,Jharkhand,38500000
1984,265.822,Assam,35600000
1984,265.822,Punjab,30400000
1984,265.822,Chhattisgarh,29400000
1984,265.822,Haryana,28900000
1984,265.822,Delhi,20000000
1984,265.822,Jammu & Kashmir,13600000
1984,265.822,Uttarakhand,11200000
1984,265.822,Himachal Pradesh,7500000
1984,265.822,Tripura,4100000
1984,265.822,Meghalaya,3600000
1984,265.822,Manipur,3100000
1984,265.822,Nagaland,2200000
1984,265.822,Goa,1600000
1984,265.822,Arunachal Pradesh,1500000
1984,265.822,Mizoram,1200000
1984,265.822,Sikkim,700000
1984,265.822,Chandigarh,1200000
1985,266.371,Uttar Pradesh,237882725
1985,266.371,Maharashtra,125744000
1985,266.371,Bihar,124799926
1985,266.371,West Bengal,100666000
1985,266.371,Madhya Pradesh,86262000
1985,266.371,Tamil Nadu,77840000
1985,266.371,Rajasthan,81032689
1985,266.371,Karnataka,70200000
1985,266.371,Gujarat,69200000
1985,266.371,Andhra Pradesh,53900000
1985,266.371,Odisha,46300000
1985,266.371,Telangana,39500000
1985,266.371,Kerala,35600000
1985,266.371,Jharkhand,38500000
1985,266.371,Assam,35600000
1985,266.371,Punjab,30400000
1985,266.371,Chhattisgarh,29400000
1985,266.371,Haryana,28900000
1985,266.371,Delhi,20000000
1985,266.371,Jammu & Kashmir,13600000
1985,266.371,Uttarakhand,11200000
1985,266.371,Himachal Pradesh,7500000
1985,266.371,Tripura,4100000
1985,266.371,Meghalaya,3600000
1985,266.371,Manipur,3100000
1985,266.371,Nagaland,2200000
1985,266.371,Goa,1600000
1985,266.371,Arunachal Pradesh,1500000
1985,266.371,Mizoram,1200000
1985,266.371,Sikkim,700000
1985,266.371,Chandigarh,1200000
1986,283.961,Uttar Pradesh,237882725
1986,283.961,Maharashtra,125744000
1986,283.961,Bihar,124799926
1986,283.961,West Bengal,100666000
1986,283.961,Madhya Pradesh,86262000
1986,283.961,Tamil Nadu,77840000
1986,283.961,Rajasthan,81032689
1986,283.961,Karnataka,70200000
1986,283.961,Gujarat,69200000
1986,283.961,Andhra Pradesh,53900000
1986,283.961,Odisha,46300000
1986,283.961,Telangana,39500000
1986,283.961,Kerala,35600000
1986,283.961,Jharkhand,38500000
1986,283.961,Assam,35600000
1986,283.961,Punjab,30400000
1986,283.961,Chhattisgarh,29400000
1986,283.961,Haryana,28900000
1986,283.961,Delhi,20000000
1986,283.961,Jammu & Kashmir,13600000
1986,283.961,Uttarakhand,11200000
1986,283.961,Himachal Pradesh,7500000
1986,283.961,Tripura,4100000
1986,283.961,Meghalaya,3600000
1986,283.961,Manipur,3100000
1986,283.961,Nagaland,2200000
1986,283.961,Goa,1600000
1986,283.961,Arunachal Pradesh,1500000
1986,283.961,Mizoram,1200000
1986,283.961,Sikkim,700000
1986,283.961,Chandigarh,1200000
1987,317.828,Uttar Pradesh,237882725
1987,317.828,Maharashtra,125744000
1987,317.828,Bihar,124799926
1987,317.828,West Bengal,100666000
1987,317.828,Madhya Pradesh,86262000
1987,317.828,Tamil Nadu,77840000
1987,317.828,Rajasthan,81032689
1987,317.828,Karnataka,70200000
1987,317.828,Gujarat,69200000
1987,317.828,Andhra Pradesh,53900000
1987,317.828,Odisha,46300000
1987,317.828,Telangana,39500000
1987,317.828,Kerala,35600000
1987,317.828,Jharkhand,38500000
1987,317.828,Assam,35600000
1987,317.828,Punjab,30400000
1987,317.828,Chhattisgarh,29400000
1987,317.828,Haryana,28900000
1987,317.828,Delhi,20000000
1987,317.828,Jammu & Kashmir,13600000
1987,317.828,Uttarakhand,11200000
1987,317.828,Himachal Pradesh,7500000
1987,317.828,Tripura,4100000
1987,317.828,Meghalaya,3600000
1987,317.828,Manipur,3100000
1987,317.828,Nagaland,2200000
1987,317.828,Goa,1600000
1987,317.828,Arunachal Pradesh,1500000
1987,317.828,Mizoram,1200000
1987,317.828,Sikkim,700000
1987,317.828,Chandigarh,1200000
1988,369.949,Uttar Pradesh,237882725
1988,369.949,Maharashtra,125744000
1988,369.949,Bihar,124799926
1988,369.949,West Bengal,100666000
1988,369.949,Madhya Pradesh,86262000
1988,369.949,Tamil Nadu,77840000
1988,369.949,Rajasthan,81032689
1988,369.949,Karnataka,70200000
1988,369.949,Gujarat,69200000
1988,369.949,Andhra Pradesh,53900000
1988,369.949,Odisha,46300000
1988,369.949,Telangana,39500000
1988,369.949,Kerala,35600000
1988,369.949,Jharkhand,38500000
1988,369.949,Assam,35600000
1988,369.949,Punjab,30400000
1988,369.949,Chhattisgarh,29400000
1988,369.949,Haryana,28900000
1988,369.949,Delhi,20000000
1988,369.949,Jammu & Kashmir,13600000
1988,369.949,Uttarakhand,11200000
1988,369.949,Himachal Pradesh,7500000
1988,369.949,Tripura,4100000
1988,369.949,Meghalaya,3600000
1988,369.949,Manipur,3100000
1988,369.949,Nagaland,2200000
1988,369.949,Goa,1600000
1988,369.949,Arunachal Pradesh,1500000
1988,369.949,Mizoram,1200000
1988,369.949,Sikkim,700000
1988,369.949,Chandigarh,1200000
1989,359.046,Uttar Pradesh,237882725
1989,359.046,Maharashtra,125744000
1989,359.046,Bihar,124799926
1989,359.046,West Bengal,100666000
1989,359.046,Madhya Pradesh,86262000
1989,359.046,Tamil Nadu,77840000
1989,359.046,Rajasthan,81032689
1989,359.046,Karnataka,70200000
1989,359.046,Gujarat,69200000
1989,359.046,Andhra Pradesh,53900000
1989,359.046,Odisha,46300000
1989,359.046,Telangana,39500000
1989,359.046,Kerala,35600000
1989,359.046,Jharkhand,38500000
1989,359.046,Assam,35600000
1989,359.046,Punjab,30400000
1989,359.046,Chhattisgarh,29400000
1989,359.046,Haryana,28900000
1989,359.046,Delhi,20000000
1989,359.046,Jammu & Kashmir,13600000
1989,359.046,Uttarakhand,11200000
1989,359.046,Himachal Pradesh,7500000
1989,359.046,Tripura,4100000
1989,359.046,Meghalaya,3600000
1989,359.046,Manipur,3100000
1989,359.046,Nagaland,2200000
1989,359.046,Goa,1600000
1989,359.046,Arunachal Pradesh,1500000
1989,359.046,Mizoram,1200000
1989,359.046,Sikkim,700000
1989,359.046,Chandigarh,1200000
1990,320.442,Uttar Pradesh,237882725
1990,320.442,Maharashtra,125744000
1990,320.442,Bihar,124799926
1990,320.442,West Bengal,100666000
1990,320.442,Madhya Pradesh,86262000
1990,320.442,Tamil Nadu,77840000
1990,320.442,Rajasthan,81032689
1990,320.442,Karnataka,70200000
1990,320.442,Gujarat,69200000
1990,320.442,Andhra Pradesh,53900000
1990,320.442,Odisha,46300000
1990,320.442,Telangana,39500000
1990,320.442,Kerala,35600000
1990,320.442,Jharkhand,38500000
1990,320.442,Assam,35600000
1990,320.442,Punjab,30400000
1990,320.442,Chhattisgarh,29400000
1990,320.442,Haryana,28900000
1990,320.442,Delhi,20000000
1990,320.442,Jammu & Kashmir,13600000
1990,320.442,Uttarakhand,11200000
1990,320.442,Himachal Pradesh,7500000
1990,320.442,Tripura,4100000
1990,320.442,Meghalaya,3600000
1990,320.442,Manipur,3100000
1990,320.442,Nagaland,2200000
1990,320.442,Goa,1600000
1990,320.442,Arunachal Pradesh,1500000
1990,320.442,Mizoram,1200000
1990,320.442,Sikkim,700000
1990,320.442,Chandigarh,1200000
1991,269.564,Uttar Pradesh,237882725
1991,269.564,Maharashtra,125744000
1991,269.564,Bihar,124799926
1991,269.564,West Bengal,100666000
1991,269.564,Madhya Pradesh,86262000
1991,269.564,Tamil Nadu,77840000
1991,269.564,Rajasthan,81032689
1991,269.564,Karnataka,70200000
1991,269.564,Gujarat,69200000
1991,269.564,Andhra Pradesh,53900000
1991,269.564,Odisha,46300000
1991,269.564,Telangana,39500000
1991,269.564,Kerala,35600000
1991,269.564,Jharkhand,38500000
1991,269.564,Assam,35600000
1991,269.564,Punjab,30400000
1991,269.564,Chhattisgarh,29400000
1991,269.564,Haryana,28900000
1991,269.564,Delhi,20000000
1991,269.564,Jammu & Kashmir,13600000
1991,269.564,Uttarakhand,11200000
1991,269.564,Himachal Pradesh,7500000
1991,269.564,Tripura,4100000
1991,269.564,Meghalaya,3600000
1991,269.564,Manipur,3100000
1991,269.564,Nagaland,2200000
1991,269.564,Goa,1600000
1991,269.564,Arunachal Pradesh,1500000
1991,269.564,Mizoram,1200000
1991,269.564,Sikkim,700000
1991,269.564,Chandigarh,1200000
1992,320.881,Uttar Pradesh,237882725
1992,320.881,Maharashtra,125744000
1992,320.881,Bihar,124799926
1992,320.881,West Bengal,100666000
1992,320.881,Madhya Pradesh,86262000
1992,320.881,Tamil Nadu,77840000
1992,320.881,Rajasthan,81032689
1992,320.881,Karnataka,70200000
1992,320.881,Gujarat,69200000
1992,320.881,Andhra Pradesh,53900000
1992,320.881,Odisha,46300000
1992,320.881,Telangana,39500000
1992,320.881,Kerala,35600000
1992,320.881,Jharkhand,38500000
1992,320.881,Assam,35600000
1992,320.881,Punjab,30400000
1992,320.881,Chhattisgarh,29400000
1992,320.881,Haryana,28900000
1992,320.881,Delhi,20000000
1992,320.881,Jammu & Kashmir,13600000
1992,320.881,Uttarakhand,11200000
1992,320.881,Himachal Pradesh,7500000
1992,320.881,Tripura,4100000
1992,320.881,Meghalaya,3600000
1992,320.881,Manipur,3100000
1992,320.881,Nagaland,2200000
1992,320.881,Goa,1600000
1992,320.881,Arunachal Pradesh,1500000
1992,320.881,Mizoram,1200000
1992,320.881,Sikkim,700000
1992,320.881,Chandigarh,1200000
1993,370.987,Uttar Pradesh,237882725
1993,370.987,Maharashtra,125744000
1993,370.987,Bihar,124799926
1993,370.987,West Bengal,100666000
1993,370.987,Madhya Pradesh,86262000
1993,370.987,Tamil Nadu,77840000
1993,370.987,Rajasthan,81032689
1993,370.987,Karnataka,70200000
1993,370.987,Gujarat,69200000
1993,370.987,Andhra Pradesh,53900000
1993,370.987,Odisha,46300000
1993,370.987,Telangana,39500000
1993,370.987,Kerala,35600000
1993,370.987,Jharkhand,38500000
1993,370.987,Assam,35600000
1993,370.987,Punjab,30400000
1993,370.987,Chhattisgarh,29400000
1993,370.987,Haryana,28900000
1993,370.987,Delhi,20000000
1993,370.987,Jammu & Kashmir,13600000
1993,370.987,Uttarakhand,11200000
1993,370.987,Himachal Pradesh,7500000
1993,370.987,Tripura,4100000
1993,370.987,Meghalaya,3600000
1993,370.987,Manipur,3100000
1993,370.987,Nagaland,2200000
1993,370.987,Goa,1600000
1993,370.987,Arunachal Pradesh,1500000
1993,370.987,Mizoram,1200000
1993,370.987,Sikkim,700000
1993,370.987,Chandigarh,1200000
1994,432.568,Uttar Pradesh,237882725
1994,432.568,Maharashtra,125744000
1994,432.568,Bihar,124799926
1994,432.568,West Bengal,100666000
1994,432.568,Madhya Pradesh,86262000
1994,432.568,Tamil Nadu,77840000
1994,432.568,Rajasthan,81032689
1994,432.568,Karnataka,70200000
1994,432.568,Gujarat,69200000
1994,432.568,Andhra Pradesh,53900000
1994,432.568,Odisha,46300000
1994,432.568,Telangana,39500000
1994,432.568,Kerala,35600000
1994,432.568,Jharkhand,38500000
1994,432.568,Assam,35600000
1994,432.568,Punjab,30400000
1994,432.568,Chhattisgarh,29400000
1994,432.568,Haryana,28900000
1994,432.568,Delhi,20000000
1994,432.568,Jammu & Kashmir,13600000
1994,432.568,Uttarakhand,11200000
1994,432.568,Himachal Pradesh,7500000
1994,432.568,Tripura,4100000
1994,432.568,Meghalaya,3600000
1994,432.568,Manipur,3100000
1994,432.568,Nagaland,2200000
1994,432.568,Goa,1600000
1994,432.568,Arunachal Pradesh,1500000
1994,432.568,Mizoram,1200000
1994,432.568,Sikkim,700000
1994,432.568,Chandigarh,1200000
1995,492.5,Uttar Pradesh,237882725
1995,492.5,Maharashtra,125744000
1995,492.5,Bihar,124799926
1995,492.5,West Bengal,100666000
1995,492.5,Madhya Pradesh,86262000
1995,492.5,Tamil Nadu,77840000
1995,492.5,Rajasthan,81032689
1995,492.5,Karnataka,70200000
1995,492.5,Gujarat,69200000
1995,492.5,Andhra Pradesh,53900000
1995,492.5,Odisha,46300000
1995,492.5,Telangana,39500000
1995,492.5,Kerala,35600000
1995,492.5,Jharkhand,38500000
1995,492.5,Assam,35600000
1995,492.5,Punjab,30400000
1995,492.5,Chhattisgarh,29400000
1995,492.5,Haryana,28900000
1995,492.5,Delhi,20000000
1995,492.5,Jammu & Kashmir,13600000
1995,492.5,Uttarakhand,11200000
1995,492.5,Himachal Pradesh,7500000
1995,492.5,Tripura,4100000
1995,492.5,Meghalaya,3600000
1995,492.5,Manipur,3100000
1995,492.5,Nagaland,2200000
1995,492.5,Goa,1600000
1995,492.5,Arunachal Pradesh,1500000
1995,492.5,Mizoram,1200000
1995,492.5,Sikkim,700000
1995,492.5,Chandigarh,1200000
1996,530.814,Uttar Pradesh,237882725
1996,530.814,Maharashtra,125744000
1996,530.814,Bihar,124799926
1996,530.814,West Bengal,100666000
1996,530.814,Madhya Pradesh,86262000
1996,530.814,Tamil Nadu,77840000
1996,530.814,Rajasthan,81032689
1996,530.814,Karnataka,70200000
1996,530.814,Gujarat,69200000
1996,530.814,Andhra Pradesh,53900000
1996,530.814,Odisha,46300000
1996,530.814,Telangana,39500000
1996,530.814,Kerala,35600000
1996,530.814,Jharkhand,38500000
1996,530.814,Assam,35600000
1996,530.814,Punjab,30400000
1996,530.814,Chhattisgarh,29400000
1996,530.814,Haryana,28900000
1996,530.814,Delhi,20000000
1996,530.814,Jammu & Kashmir,13600000
1996,530.814,Uttarakhand,11200000
1996,530.814,Himachal Pradesh,7500000
1996,530.814,Tripura,4100000
1996,530.814,Meghalaya,3600000
1996,530.814,Manipur,3100000
1996,530.814,Nagaland,2200000
1996,530.814,Goa,1600000
1996,530.814,Arunachal Pradesh,1500000
1996,530.814,Mizoram,1200000
1996,530.814,Sikkim,700000
1996,530.814,Chandigarh,1200000
1997,577.666,Uttar Pradesh,237882725
1997,577.666,Maharashtra,125744000
1997,577.666,Bihar,124799926
1997,577.666,West Bengal,100666000
1997,577.666,Madhya Pradesh,86262000
1997,577.666,Tamil Nadu,77840000
1997,577.666,Rajasthan,81032689
1997,577.666,Karnataka,70200000
1997,577.666,Gujarat,69200000
1997,577.666,Andhra Pradesh,53900000
1997,577.666,Odisha,46300000
1997,577.666,Telangana,39500000
1997,577.666,Kerala,35600000
1997,577.666,Jharkhand,38500000
1997,577.666,Assam,35600000
1997,577.666,Punjab,30400000
1997,577.666,Chhattisgarh,29400000
1997,577.666,Haryana,28900000
1997,577.666,Delhi,20000000
1997,577.666,Jammu & Kashmir,13600000
1997,577.666,Uttarakhand,11200000
1997,577.666,Himachal Pradesh,7500000
1997,577.666,Tripura,4100000
1997,577.666,Meghalaya,3600000
1997,577.666,Manipur,3100000
1997,577.666,Nagaland,2200000
1997,577.666,Goa,1600000
1997,577.666,Arunachal Pradesh,1500000
1997,577.666,Mizoram,1200000
1997,577.666,Sikkim,700000
1997,577.666,Chandigarh,1200000
1998,574.776,Uttar Pradesh,237882725
1998,574.776,Maharashtra,125744000
1998,574.776,Bihar,124799926
1998,574.776,West Bengal,100666000
1998,574.776,Madhya Pradesh,86262000
1998,574.776,Tamil Nadu,77840000
1998,574.776,Rajasthan,81032689
1998,574.776,Karnataka,70200000
1998,574.776,Gujarat,69200000
1998,574.776,Andhra Pradesh,53900000
1998,574.776,Odisha,46300000
1998,574.776,Telangana,39500000
1998,574.776,Kerala,35600000
1998,574.776,Jharkhand,38500000
1998,574.776,Assam,35600000
1998,574.776,Punjab,30400000
1998,574.776,Chhattisgarh,29400000
1998,574.776,Haryana,28900000
1998,574.776,Delhi,20000000
1998,574.776,Jammu & Kashmir,13600000
1998,574.776,Uttarakhand,11200000
1998,574.776,Himachal Pradesh,7500000
1998,574.776,Tripura,4100000
1998,574.776,Meghalaya,3600000
1998,574.776,Manipur,3100000
1998,574.776,Nagaland,2200000
1998,574.776,Goa,1600000
1998,574.776,Arunachal Pradesh,1500000
1998,574.776,Mizoram,1200000
1998,574.776,Sikkim,700000
1998,574.776,Chandigarh,1200000
1999,606.649,Uttar Pradesh,237882725
1999,606.649,Maharashtra,125744000
1999,606.649,Bihar,124799926
1999,606.649,West Bengal,100666000
1999,606.649,Madhya Pradesh,86262000
1999,606.649,Tamil Nadu,77840000
1999,606.649,Rajasthan,81032689
1999,606.649,Karnataka,70200000
1999,606.649,Gujarat,69200000
1999,606.649,Andhra Pradesh,53900000
1999,606.649,Odisha,46300000
1999,606.649,Telangana,39500000
1999,606.649,Kerala,35600000
1999,606.649,Jharkhand,38500000
1999,606.649,Assam,35600000
1999,606.649,Punjab,30400000
1999,606.649,Chhattisgarh,29400000
1999,606.649,Haryana,28900000
1999,606.649,Delhi,20000000
1999,606.649,Jammu & Kashmir,13600000
1999,606.649,Uttarakhand,11200000
1999,606.649,Himachal Pradesh,7500000
1999,606.649,Tripura,4100000
1999,606.649,Meghalaya,3600000
1999,606.649,Manipur,3100000
1999,606.649,Nagaland,2200000
1999,606.649,Goa,1600000
1999,606.649,Arunachal Pradesh,1500000
1999,606.649,Mizoram,1200000
1999,606.649,Sikkim,700000
1999,606.649,Chandigarh,1200000
2000,721.473,Uttar Pradesh,237882725
2000,721.473,Maharashtra,125744000
2000,721.473,Bihar,124799926
2000,721.473,West Bengal,100666000
2000,721.473,Madhya Pradesh,86262000
2000,721.473,Tamil Nadu,77840000
2000,721.473,Rajasthan,81032689
2000,721.473,Karnataka,70200000
2000,721.473,Gujarat,69200000
2000,721.473,Andhra Pradesh,53900000
2000,721.473,Odisha,46300000
2000,721.473,Telangana,39500000
2000,721.473,Kerala,35600000
2000,721.473,Jharkhand,38500000
2000,721.473,Assam,35600000
2000,721.473,Punjab,30400000
2000,721.473,Chhattisgarh,29400000
2000,721.473,Haryana,28900000
2000,721.473,Delhi,20000000
2000,721.473,Jammu & Kashmir,13600000
2000,721.473,Uttarakhand,11200000
2000,721.473,Himachal Pradesh,7500000
2000,721.473,Tripura,4100000
2000,721.473,Meghalaya,3600000
2000,721.473,Manipur,3100000
2000,721.473,Nagaland,2200000
2000,721.473,Goa,1600000
2000,721.473,Arunachal Pradesh,1500000
2000,721.473,Mizoram,1200000
2000,721.473,Sikkim,700000
2000,721.473,Chandigarh,1200000
2001,568.356,Uttar Pradesh,237882725
2001,568.356,Maharashtra,125744000
2001,568.356,Bihar,124799926
2001,568.356,West Bengal,100666000
2001,568.356,Madhya Pradesh,86262000
2001,568.356,Tamil Nadu,77840000
2001,568.356,Rajasthan,81032689
2001,568.356,Karnataka,70200000
2001,568.356,Gujarat,69200000
2001,568.356,Andhra Pradesh,53900000
2001,568.356,Odisha,46300000
2001,568.356,Telangana,39500000
2001,568.356,Kerala,35600000
2001,568.356,Jharkhand,38500000
2001,568.356,Assam,35600000
2001,568.356,Punjab,30400000
2001,568.356,Chhattisgarh,29400000
2001,568.356,Haryana,28900000
2001,568.356,Delhi,20000000
2001,568.356,Jammu & Kashmir,13600000
2001,568.356,Uttarakhand,11200000
2001,568.356,Himachal Pradesh,7500000
2001,568.356,Tripura,4100000
2001,568.356,Meghalaya,3600000
2001,568.356,Manipur,3100000
2001,568.356,Nagaland,2200000
2001,568.356,Goa,1600000
2001,568.356,Arunachal Pradesh,1500000
2001,568.356,Mizoram,1200000
2001,568.356,Sikkim,700000
2001,568.356,Chandigarh,1200000
2002,509.876,Uttar Pradesh,237882725
2002,509.876,Maharashtra,125744000
2002,509.876,Bihar,124799926
2002,509.876,West Bengal,100666000
2002,509.876,Madhya Pradesh,86262000
2002,509.876,Tamil Nadu,77840000
2002,509.876,Rajasthan,81032689
2002,509.876,Karnataka,70200000
2002,509.876,Gujarat,69200000
2002,509.876,Andhra Pradesh,53900000
2002,509.876,Odisha,46300000
2002,509.876,Telangana,39500000
2002,509.876,Kerala,35600000
2002,509.876,Jharkhand,38500000
2002,509.876,Assam,35600000
2002,509.876,Punjab,30400000
2002,509.876,Chhattisgarh,29400000
2002,509.876,Haryana,28900000
2002,509.876,Delhi,20000000
2002,509.876,Jammu & Kashmir,13600000
2002,509.876,Uttarakhand,11200000
2002,509.876,Himachal Pradesh,7500000
2002,509.876,Tripura,4100000
2002,509.876,Meghalaya,3600000
2002,509.876,Manipur,3100000
2002,509.876,Nagaland,2200000
2002,509.876,Goa,1600000
2002,509.876,Arunachal Pradesh,1500000
2002,509.876,Mizoram,1200000
2002,509.876,Sikkim,700000
2002,509.876,Chandigarh,1200000
2003,619.216,Uttar Pradesh,237882725
2003,619.216,Maharashtra,125744000
2003,619.216,Bihar,124799926
2003,619.216,West Bengal,100666000
2003,619.216,Madhya Pradesh,86262000
2003,619.216,Tamil Nadu,77840000
2003,619.216,Rajasthan,81032689
2003,619.216,Karnataka,70200000
2003,619.216,Gujarat,69200000
2003,619.216,Andhra Pradesh,53900000
2003,619.216,Odisha,46300000
2003,619.216,Telangana,39500000
2003,619.216,Kerala,35600000
2003,619.216,Jharkhand,38500000
2003,619.216,Assam,35600000
2003,619.216,Punjab,30400000
2003,619.216,Chhattisgarh,29400000
2003,619.216,Haryana,28900000
2003,619.216,Delhi,20000000
2003,619.216,Jammu & Kashmir,13600000
2003,619.216,Uttarakhand,11200000
2003,619.216,Himachal Pradesh,7500000
2003,619.216,Tripura,4100000
2003,619.216,Meghalaya,3600000
2003,619.216,Manipur,3100000
2003,619.216,Nagaland,2200000
2003,619.216,Goa,1600000
2003,619.216,Arunachal Pradesh,1500000
2003,619.216,Mizoram,1200000
2003,619.216,Sikkim,700000
2003,619.216,Chandigarh,1200000
2004,722.835,Uttar Pradesh,237882725
2004,722.835,Maharashtra,125744000
2004,722.835,Bihar,124799926
2004,722.835,West Bengal,100666000
2004,722.835,Madhya Pradesh,86262000
2004,722.835,Tamil Nadu,77840000
2004,722.835,Rajasthan,81032689
2004,722.835,Karnataka,70200000
2004,722.835,Gujarat,69200000
2004,722.835,Andhra Pradesh,53900000
2004,722.835,Odisha,46300000
2004,722.835,Telangana,39500000
2004,722.835,Kerala,35600000
2004,722.835,Jharkhand,38500000
2004,722.835,Assam,35600000
2004,722.835,Punjab,30400000
2004,722.835,Chhattisgarh,29400000
2004,722.835,Haryana,28900000
2004,722.835,Delhi,20000000
2004,722.835,Jammu & Kashmir,13600000
2004,722.835,Uttarakhand,11200000
2004,722.835,Himachal Pradesh,7500000
2004,722.835,Tripura,4100000
2004,722.835,Meghalaya,3600000
2004,722.835,Manipur,3100000
2004,722.835,Nagaland,2200000
2004,722.835,Goa,1600000
2004,722.835,Arunachal Pradesh,1500000
2004,722.835,Mizoram,1200000
2004,722.835,Sikkim,700000
2004,722.835,Chandigarh,1200000
2005,834.063,Uttar Pradesh,237882725
2005,834.063,Maharashtra,125744000
2005,834.063,Bihar,124799926
2005,834.063,West Bengal,100666000
2005,834.063,Madhya Pradesh,86262000
2005,834.063,Tamil Nadu,77840000
2005,834.063,Rajasthan,81032689
2005,834.063,Karnataka,70200000
2005,834.063,Gujarat,69200000
2005,834.063,Andhra Pradesh,53900000
2005,834.063,Odisha,46300000
2005,834.063,Telangana,39500000
2005,834.063,Kerala,35600000
2005,834.063,Jharkhand,38500000
2005,834.063,Assam,35600000
2005,834.063,Punjab,30400000
2005,834.063,Chhattisgarh,29400000
2005,834.063,Haryana,28900000
2005,834.063,Delhi,20000000
2005,834.063,Jammu & Kashmir,13600000
2005,834.063,Uttarakhand,11200000
2005,834.063,Himachal Pradesh,7500000
2005,834.063,Tripura,4100000
2005,834.063,Meghalaya,3600000
2005,834.063,Manipur,3100000
2005,834.063,Nagaland,2200000
2005,834.063,Goa,1600000
2005,834.063,Arunachal Pradesh,1500000
2005,834.063,Mizoram,1200000
2005,834.063,Sikkim,700000
2005,834.063,Chandigarh,1200000
2006,949.472,Uttar Pradesh,237882725
2006,949.472,Maharashtra,125744000
2006,949.472,Bihar,124799926
2006,949.472,West Bengal,100666000
2006,949.472,Madhya Pradesh,86262000
2006,949.472,Tamil Nadu,77840000
2006,949.472,Rajasthan,81032689
2006,949.472,Karnataka,70200000
2006,949.472,Gujarat,69200000
2006,949.472,Andhra Pradesh,53900000
2006,949.472,Odisha,46300000
2006,949.472,Telangana,39500000
2006,949.472,Kerala,35600000
2006,949.472,Jharkhand,38500000
2006,949.472,Assam,35600000
2006,949.472,Punjab,30400000
2006,949.472,Chhattisgarh,29400000
2006,949.472,Haryana,28900000
2006,949.472,Delhi,20000000
2006,949.472,Jammu & Kashmir,13600000
2006,949.472,Uttarakhand,11200000
2006,949.472,Himachal Pradesh,7500000
2006,949.472,Tripura,4100000
2006,949.472,Meghalaya,3600000
2006,949.472,Manipur,3100000
2006,949.472,Nagaland,2200000
2006,949.472,Goa,1600000
2006,949.472,Arunachal Pradesh,1500000
2006,949.472,Mizoram,1200000
2006,949.472,Sikkim,700000
2006,949.472,Chandigarh,1200000
2007,1241.192,Uttar Pradesh,237882725
2007,1241.192,Maharashtra,125744000
2007,1241.192,Bihar,124799926
2007,1241.192,West Bengal,100666000
2007,1241.192,Madhya Pradesh,86262000
2007,1241.192,Tamil Nadu,77840000
2007,1241.192,Rajasthan,81032689
2007,1241.192,Karnataka,70200000
2007,1241.192,Gujarat,69200000
2007,1241.192,Andhra Pradesh,53900000
2007,1241.192,Odisha,46300000
2007,1241.192,Telangana,39500000
2007,1241.192,Kerala,35600000
2007,1241.192,Jharkhand,38500000
2007,1241.192,Assam,35600000
2007,1241.192,Punjab,30400000
2007,1241.192,Chhattisgarh,29400000
2007,1241.192,Haryana,28900000
2007,1241.192,Delhi,20000000
2007,1241.192,Jammu & Kashmir,13600000
2007,1241.192,Uttarakhand,11200000
2007,1241.192,Himachal Pradesh,7500000
2007,1241.192,Tripura,4100000
2007,1241.192,Meghalaya,3600000
2007,1241.192,Manipur,3100000
2007,1241.192,Nagaland,2200000
2007,1241.192,Goa,1600000
2007,1241.192,Arunachal Pradesh,1500000
2007,1241.192,Mizoram,1200000
2007,1241.192,Sikkim,700000
2007,1241.192,Chandigarh,1200000
2008,1231.195,Uttar Pradesh,237882725
2008,1231.195,Maharashtra,125744000
2008,1231.195,Bihar,124799926
2008,1231.195,West Bengal,100666000
2008,1231.195,Madhya Pradesh,86262000
2008,1231.195,Tamil Nadu,77840000
2008,1231.195,Rajasthan,81032689
2008,1231.195,Karnataka,70200000
2008,1231.195,Gujarat,69200000
2008,1231.195,Andhra Pradesh,53900000
2008,1231.195,Odisha,46300000
2008,1231.195,Telangana,39500000
2008,1231.195,Kerala,35600000
2008,1231.195,Jharkhand,38500000
2008,1231.195,Assam,35600000
2008,1231.195,Punjab,30400000
2008,1231.195,Chhattisgarh,29400000
2008,1231.195,Haryana,28900000
2008,1231.195,Delhi,20000000
2008,1231.195,Jammu & Kashmir,13600000
2008,1231.195,Uttarakhand,11200000
2008,1231.195,Himachal Pradesh,7500000
2008,1231.195,Tripura,4100000
2008,1231.195,Meghalaya,3600000
2008,1231.195,Manipur,3100000
2008,1231.195,Nagaland,2200000
2008,1231.195,Goa,1600000
2008,1231.195,Arunachal Pradesh,1500000
2008,1231.195,Mizoram,1200000
2008,1231.195,Sikkim,700000
2008,1231.195,Chandigarh,1200000
2009,1366.167,Uttar Pradesh,237882725
2009,1366.167,Maharashtra,125744000
2009,1366.167,Bihar,124799926
2009,1366.167,West Bengal,100666000
2009,1366.167,Madhya Pradesh,86262000
2009,1366.167,Tamil Nadu,77840000
2009,1366.167,Rajasthan,81032689
2009,1366.167,Karnataka,70200000
2009,1366.167,Gujarat,69200000
2009,1366.167,Andhra Pradesh,53900000
2009,1366.167,Odisha,46300000
2009,1366.167,Telangana,39500000
2009,1366.167,Kerala,35600000
2009,1366.167,Jharkhand,38500000
2009,1366.167,Assam,35600000
2009,1366.167,Punjab,30400000
2009,1366.167,Chhattisgarh,29400000
2009,1366.167,Haryana,28900000
2009,1366.167,Delhi,20000000
2009,1366.167,Jammu & Kashmir,13600000
2009,1366.167,Uttarakhand,11200000
2009,1366.167,Himachal Pradesh,7500000
2009,1366.167,Tripura,4100000
2009,1366.167,Meghalaya,3600000
2009,1366.167,Manipur,3100000
2009,1366.167,Nagaland,2200000
2009,1366.167,Goa,1600000
2009,1366.167,Arunachal Pradesh,1500000
2009,1366.167,Mizoram,1200000
2009,1366.167,Sikkim,700000
2009,1366.167,Chandigarh,1200000
2010,1676.235,Uttar Pradesh,237882725
2010,1676.235,Maharashtra,125744000
2010,1676.235,Bihar,124799926
2010,1676.235,West Bengal,100666000
2010,1676.235,Madhya Pradesh,86262000
2010,1676.235,Tamil Nadu,77840000
2010,1676.235,Rajasthan,81032689
2010,1676.235,Karnataka,70200000
2010,1676.235,Gujarat,69200000
2010,1676.235,Andhra Pradesh,53900000
2010,1676.235,Odisha,46300000
2010,1676.235,Telangana,39500000
2010,1676.235,Kerala,35600000
2010,1676.235,Jharkhand,38500000
2010,1676.235,Assam,35600000
2010,1676.235,Punjab,30400000
2010,1676.235,Chhattisgarh,29400000
2010,1676.235,Haryana,28900000
2010,1676.235,Delhi,20000000
2010,1676.235,Jammu & Kashmir,13600000
2010,1676.235,Uttarakhand,11200000
2010,1676.235,Himachal Pradesh,7500000
2010,1676.235,Tripura,4100000
2010,1676.235,Meghalaya,3600000
2010,1676.235,Manipur,3100000
2010,1676.235,Nagaland,2200000
2010,1676.235,Goa,1600000
2010,1676.235,Arunachal Pradesh,1500000
2010,1676.235,Mizoram,1200000
2010,1676.235,Sikkim,700000
2010,1676.235,Chandigarh,1200000
2011,1843.818,Uttar Pradesh,237882725
2011,1843.818,Maharashtra,125744000
2011,1843.818,Bihar,124799926
2011,1843.818,West Bengal,100666000
2011,1843.818,Madhya Pradesh,86262000
2011,1843.818,Tamil Nadu,77840000
2011,1843.818,Rajasthan,81032689
2011,1843.818,Karnataka,70200000
2011,1843.818,Gujarat,69200000
2011,1843.818,Andhra Pradesh,53900000
2011,1843.818,Odisha,46300000
2011,1843.818,Telangana,39500000
2011,1843.818,Kerala,35600000
2011,1843.818,Jharkhand,38500000
2011,1843.818,Assam,35600000
2011,1843.818,Punjab,30400000
2011,1843.818,Chhattisgarh,29400000
2011,1843.818,Haryana,28900000
2011,1843.818,Delhi,20000000
2011,1843.818,Jammu & Kashmir,13600000
2011,1843.818,Uttarakhand,11200000
2011,1843.818,Himachal Pradesh,7500000
2011,1843.818,Tripura,4100000
2011,1843.818,Meghalaya,3600000
2011,1843.818,Manipur,3100000
2011,1843.818,Nagaland,2200000
2011,1843.818,Goa,1600000
2011,1843.818,Arunachal Pradesh,1500000
2011,1843.818,Mizoram,1200000
2011,1843.818,Sikkim,700000
2011,1843.818,Chandigarh,1200000
2012,1828.425,Uttar Pradesh,237882725
2012,1828.425,Maharashtra,125744000
2012,1828.425,Bihar,124799926
2012,1828.425,West Bengal,100666000
2012,1828.425,Madhya Pradesh,86262000
2012,1828.425,Tamil Nadu,77840000
2012,1828.425,Rajasthan,81032689
2012,1828.425,Karnataka,70200000
2012,1828.425,Gujarat,69200000
2012,1828.425,Andhra Pradesh,53900000
2012,1828.425,Odisha,46300000
2012,1828.425,Telangana,39500000
2012,1828.425,Kerala,35600000
2012,1828.425,Jharkhand,38500000
2012,1828.425,Assam,35600000
2012,1828.425,Punjab,30400000
2012,1828.425,Chhattisgarh,29400000
2012,1828.425,Haryana,28900000
2012,1828.425,Delhi,20000000
2012,1828.425,Jammu & Kashmir,13600000
2012,1828.425,Uttarakhand,11200000
2012,1828.425,Himachal Pradesh,7500000
2012,1828.425,Tripura,4100000
2012,1828.425,Meghalaya,3600000
2012,1828.425,Manipur,3100000
2012,1828.425,Nagaland,2200000
2012,1828.425,Goa,1600000
2012,1828.425,Arunachal Pradesh,1500000
2012,1828.425,Mizoram,1200000
2012,1828.425,Sikkim,700000
2012,1828.425,Chandigarh,1200000
2013,1859.727,Uttar Pradesh,237882725
2013,1859.727,Maharashtra,125744000
2013,1859.727,Bihar,124799926
2013,1859.727,West Bengal,100666000
2013,1859.727,Madhya Pradesh,86262000
2013,1859.727,Tamil Nadu,77840000
2013,1859.727,Rajasthan,81032689
2013,1859.727,Karnataka,70200000
2013,1859.727,Gujarat,69200000
2013,1859.727,Andhra Pradesh,53900000
2013,1859.727,Odisha,46300000
2013,1859.727,Telangana,39500000
2013,1859.727,Kerala,35600000
2013,1859.727,Jharkhand,38500000
2013,1859.727,Assam,35600000
2013,1859.727,Punjab,30400000
2013,1859.727,Chhattisgarh,29400000
2013,1859.727,Haryana,28900000
2013,1859.727,Delhi,20000000
2013,1859.727,Jammu & Kashmir,13600000
2013,1859.727,Uttarakhand,11200000
2013,1859.727,Himachal Pradesh,7500000
2013,1859.727,Tripura,4100000
2013,1859.727,Meghalaya,3600000
2013,1859.727,Manipur,3100000
2013,1859.727,Nagaland,2200000
2013,1859.727,Goa,1600000
2013,1859.727,Arunachal Pradesh,1500000
2013,1859.727,Mizoram,1200000
2013,1859.727,Sikkim,700000
2013,1859.727,Chandigarh,1200000
2014,2039.091,Uttar Pradesh,237882725
2014,2039.091,Maharashtra,125744000
2014,2039.091,Bihar,124799926
2014,2039.091,West Bengal,100666000
2014,2039.091,Madhya Pradesh,86262000
2014,2039.091,Tamil Nadu,77840000
2014,2039.091,Rajasthan,81032689
2014,2039.091,Karnataka,70200000
2014,2039.091,Gujarat,69200000
2014,2039.091,Andhra Pradesh,53900000
2014,2039.091,Odisha,46300000
2014,2039.091,Telangana,39500000
2014,2039.091,Kerala,35600000
2014,2039.091,Jharkhand,38500000
2014,2039.091,Assam,35600000
2014,2039.091,Punjab,30400000
2014,2039.091,Chhattisgarh,29400000
2014,2039.091,Haryana,28900000
2014,2039.091,Delhi,20000000
2014,2039.091,Jammu & Kashmir,13600000
2014,2039.091,Uttarakhand,11200000
2014,2039.091,Himachal Pradesh,7500000
2014,2039.091,Tripura,4100000
2014,2039.091,Meghalaya,3600000
2014,2039.091,Manipur,3100000
2014,2039.091,Nagaland,2200000
2014,2039.091,Goa,1600000
2014,2039.091,Arunachal Pradesh,1500000
2014,2039.091,Mizoram,1200000
2014,2039.091,Sikkim,700000
2014,2039.091,Chandigarh,1200000
2015,2103.559,Uttar Pradesh,237882725
2015,2103.559,Maharashtra,125744000
2015,2103.559,Bihar,124799926
2015,2103.559,West Bengal,100666000
2015,2103.559,Madhya Pradesh,86262000
2015,2103.559,Tamil Nadu,77840000
2015,2103.559,Rajasthan,81032689
2015,2103.559,Karnataka,70200000
2015,2103.559,Gujarat,69200000
2015,2103.559,Andhra Pradesh,53900000
2015,2103.559,Odisha,46300000
2015,2103.559,Telangana,39500000
2015,2103.559,Kerala,35600000
2015,2103.559,Jharkhand,38500000
2015,2103.559,Assam,35600000
2015,2103.559,Punjab,30400000
2015,2103.559,Chhattisgarh,29400000
2015,2103.559,Haryana,28900000
2015,2103.559,Delhi,20000000
2015,2103.559,Jammu & Kashmir,13600000
2015,2103.559,Uttarakhand,11200000
2015,2103.559,Himachal Pradesh,7500000
2015,2103.559,Tripura,4100000
2015,2103.559,Meghalaya,3600000
2015,2103.559,Manipur,3100000
2015,2103.559,Nagaland,2200000
2015,2103.559,Goa,1600000
2015,2103.559,Arunachal Pradesh,1500000
2015,2103.559,Mizoram,1200000
2015,2103.559,Sikkim,700000
2015,2103.559,Chandigarh,1200000
2016,2264.102,Uttar Pradesh,237882725
2016,2264.102,Maharashtra,125744000
2016,2264.102,Bihar,124799926
2016,2264.102,West Bengal,100666000
2016,2264.102,Madhya Pradesh,86262000
2016,2264.102,Tamil Nadu,77840000
2016,2264.102,Rajasthan,81032689
2016,2264.102,Karnataka,70200000
2016,2264.102,Gujarat,69200000
2016,2264.102,Andhra Pradesh,53900000
2016,2264.102,Odisha,46300000
2016,2264.102,Telangana,39500000
2016,2264.102,Kerala,35600000
2016,2264.102,Jharkhand,38500000
2016,2264.102,Assam,35600000
2016,2264.102,Punjab,30400000
2016,2264.102,Chhattisgarh,29400000
2016,2264.102,Haryana,28900000
2016,2264.102,Delhi,20000000
2016,2264.102,Jammu & Kashmir,13600000
2016,2264.102,Uttarakhand,11200000
2016,2264.102,Himachal Pradesh,7500000
2016,2264.102,Tripura,4100000
2016,2264.102,Meghalaya,3600000
2016,2264.102,Manipur,3100000
2016,2264.102,Nagaland,2200000
2016,2264.102,Goa,1600000
2016,2264.102,Arunachal Pradesh,1500000
2016,2264.102,Mizoram,1200000
2016,2264.102,Sikkim,700000
2016,2264.102,Chandigarh,1200000
2017,2839.411,Uttar Pradesh,237882725
2017,2839.411,Maharashtra,125744000
2017,2839.411,Bihar,124799926
2017,2839.411,West Bengal,100666000
2017,2839.411,Madhya Pradesh,86262000
2017,2839.411,Tamil Nadu,77840000
2017,2839.411,Rajasthan,81032689
2017,2839.411,Karnataka,70200000
2017,2839.411,Gujarat,69200000
2017,2839.411,Andhra Pradesh,53900000
2017,2839.411,Odisha,46300000
2017,2839.411,Telangana,39500000
2017,2839.411,Kerala,35600000
2017,2839.411,Jharkhand,38500000
2017,2839.411,Assam,35600000
2017,2839.411,Punjab,30400000
2017,2839.411,Chhattisgarh,29400000
2017,2839.411,Haryana,28900000
2017,2839.411,Delhi,20000000
2017,2839.411,Jammu & Kashmir,13600000
2017,2839.411,Uttarakhand,11200000
2017,2839.411,Himachal Pradesh,7500000
2017,2839.411,Tripura,4100000
2017,2839.411,Meghalaya,3600000
2017,2839.411,Manipur,3100000
2017,2839.411,Nagaland,2200000
2017,2839.411,Goa,1600000
2017,2839.411,Arunachal Pradesh,1500000
2017,2839.411,Mizoram,1200000
2017,2839.411,Sikkim,700000
2017,2839.411,Chandigarh,1200000
2018,3535.108,Uttar Pradesh,237882725
2018,3535.108,Maharashtra,125744000
2018,3535.108,Bihar,124799926
2018,3535.108,West Bengal,100666000
2018,3535.108,Madhya Pradesh,86262000
2018,3535.108,Tamil Nadu,77840000
2018,3535.108,Rajasthan,81032689
2018,3535.108,Karnataka,70200000
2018,3535.108,Gujarat,69200000
2018,3535.108,Andhra Pradesh,53900000
2018,3535.108,Odisha,46300000
2018,3535.108,Telangana,39500000
2018,3535.108,Kerala,35600000
2018,3535.108,Jharkhand,38500000
2018,3535.108,Assam,35600000
2018,3535.108,Punjab,30400000
2018,3535.108,Chhattisgarh,29400000
2018,3535.108,Haryana,28900000
2018,3535.108,Delhi,20000000
2018,3535.108,Jammu & Kashmir,13600000
2018,3535.108,Uttarakhand,11200000
2018,3535.108,Himachal Pradesh,7500000
2018,3535.108,Tripura,4100000
2018,3535.108,Meghalaya,3600000
2018,3535.108,Manipur,3100000
2018,3535.108,Nagaland,2200000
2018,3535.108,Goa,1600000
2018,3535.108,Arunachal Pradesh,1500000
2018,3535.108,Mizoram,1200000
2018,3535.108,Sikkim,700000
2018,3535.108,Chandigarh,1200000
2019,3686.197,Uttar Pradesh,237882725
2019,3686.197,Maharashtra,125744000
2019,3686.197,Bihar,124799926
2019,3686.197,West Bengal,100666000
2019,3686.197,Madhya Pradesh,86262000
2019,3686.197,Tamil Nadu,77840000
2019,3686.197,Rajasthan,81032689
2019,3686.197,Karnataka,70200000
2019,3686.197,Gujarat,69200000
2019,3686.197,Andhra Pradesh,53900000
2019,3686.197,Odisha,46300000
2019,3686.197,Telangana,39500000
2019,3686.197,Kerala,35600000
2019,3686.197,Jharkhand,38500000
2019,3686.197,Assam,35600000
2019,3686.197,Punjab,30400000
2019,3686.197,Chhattisgarh,29400000
2019,3686.197,Haryana,28900000
2019,3686.197,Delhi,20000000
2019,3686.197,Jammu & Kashmir,13600000
2019,3686.197,Uttarakhand,11200000
2019,3686.197,Himachal Pradesh,7500000
2019,3686.197,Tripura,4100000
2019,3686.197,Meghalaya,3600000
2019,3686.197,Manipur,3100000
2019,3686.197,Nagaland,2200000
2019,3686.197,Goa,1600000
2019,3686.197,Arunachal Pradesh,1500000
2019,3686.197,Mizoram,1200000
2019,3686.197,Sikkim,700000
2019,3686.197,Chandigarh,1200000
2020,2675.184,Uttar Pradesh,237882725
2020,2675.184,Maharashtra,125744000
2020,2675.184,Bihar,124799926
2020,2675.184,West Bengal,100666000
2020,2675.184,Madhya Pradesh,86262000
2020,2675.184,Tamil Nadu,77840000
2020,2675.184,Rajasthan,81032689
2020,2675.184,Karnataka,70200000
2020,2675.184,Gujarat,69200000
2020,2675.184,Andhra Pradesh,53900000
2020,2675.184,Odisha,46300000
2020,2675.184,Telangana,39500000
2020,2675.184,Kerala,35600000
2020,2675.184,Jharkhand,38500000
2020,2675.184,Assam,35600000
2020,2675.184,Punjab,30400000
2020,2675.184,Chhattisgarh,29400000
2020,2675.184,Haryana,28900000
2020,2675.184,Delhi,20000000
2020,2675.184,Jammu & Kashmir,13600000
2020,2675.184,Uttarakhand,11200000
2020,2675.184,Himachal Pradesh,7500000
2020,2675.184,Tripura,4100000
2020,2675.184,Meghalaya,3600000
2020,2675.184,Manipur,3100000
2020,2675.184,Nagaland,2200000
2020,2675.184,Goa,1600000
2020,2675.184,Arunachal Pradesh,1500000
2020,2675.184,Mizoram,1200000
2020,2675.184,Sikkim,700000
2020,2675.184,Chandigarh,1200000
2021,3167.061,Uttar Pradesh,237882725
2021,3167.061,Maharashtra,125744000
2021,3167.061,Bihar,124799926
2021,3167.061,West Bengal,100666000
2021,3167.061,Madhya Pradesh,86262000
2021,3167.061,Tamil Nadu,77840000
2021,3167.061,Rajasthan,81032689
2021,3167.061,Karnataka,70200000
2021,3167.061,Gujarat,69200000
2021,3167.061,Andhra Pradesh,53900000
2021,3167.061,Odisha,46300000
2021,3167.061,Telangana,39500000
2021,3167.061,Kerala,35600000
2021,3167.061,Jharkhand,38500000
2021,3167.061,Assam,35600000
2021,3167.061,Punjab,30400000
2021,3167.061,Chhattisgarh,29400000
2021,3167.061,Haryana,28900000
2021,3167.061,Delhi,20000000
2021,3167.061,Jammu & Kashmir,13600000
2021,3167.061,Uttarakhand,11200000
2021,3167.061,Himachal Pradesh,7500000
2021,3167.061,Tripura,4100000
2021,3167.061,Meghalaya,3600000
2021,3167.061,Manipur,3100000
2021,3167.061,Nagaland,2200000
2021,3167.061,Goa,1600000
2021,3167.061,Arunachal Pradesh,1500000
2021,3167.061,Mizoram,1200000
2021,3167.061,Sikkim,700000
2021,3167.061,Chandigarh,1200000
2022,3353.263,Uttar Pradesh,237882725
2022,3353.263,Maharashtra,125744000
2022,3353.263,Bihar,124799926
2022,3353.263,West Bengal,100666000
2022,3353.263,Madhya Pradesh,86262000
2022,3353.263,Tamil Nadu,77840000
2022,3353.263,Rajasthan,81032689
2022,3353.263,Karnataka,70200000
2022,3353.263,Gujarat,69200000
2022,3353.263,Andhra Pradesh,53900000
2022,3353.263,Odisha,46300000
2022,3353.263,Telangana,39500000
2022,3353.263,Kerala,35600000
2022,3353.263,Jharkhand,38500000
2022,3353.263,Assam,35600000
2022,3353.263,Punjab,30400000
2022,3353.263,Chhattisgarh,29400000
2022,3353.263,Haryana,28900000
2022,3353.263,Delhi,20000000
2022,3353.263,Jammu & Kashmir,13600000
2022,3353.263,Uttarakhand,11200000
2022,3353.263,Himachal Pradesh,7500000
2022,3353.263,Tripura,4100000
2022,3353.263,Meghalaya,3600000
2022,3353.263,Manipur,3100000
2022,3353.263,Nagaland,2200000
2022,3353.263,Goa,1600000
2022,3353.263,Arunachal Pradesh,1500000
2022,3353.263,Mizoram,1200000
2022,3353.263,Sikkim,700000
2022,3353.263,Chandigarh,1200000
2023,3568.0,Uttar Pradesh,237882725
2023,3568.0,Maharashtra,125744000
2023,3568.0,Bihar,124799926
2023,3568.0,West Bengal,100666000
2023,3568.0,Madhya Pradesh,86262000
2023,3568.0,Tamil Nadu,77840000
2023,3568.0,Rajasthan,81032689
2023,3568.0,Karnataka,70200000
2023,3568.0,Gujarat,69200000
2023,3568.0,Andhra Pradesh,53900000
2023,3568.0,Odisha,46300000
2023,3568.0,Telangana,39500000
2023,3568.0,Kerala,35600000
2023,3568.0,Jharkhand,38500000
2023,3568.0,Assam,35600000
2023,3568.0,Punjab,30400000
2023,3568.0,Chhattisgarh,29400000
2023,3568.0,Haryana,28900000
2023,3568.0,Delhi,20000000
2023,3568.0,Jammu & Kashmir,13600000
2023,3568.0,Uttarakhand,11200000
2023,3568.0,Himachal Pradesh,7500000
2023,3568.0,Tripura,4100000
2023,3568.0,Meghalaya,3600000
2023,3568.0,Manipur,3100000
2023,3568.0,Nagaland,2200000
2023,3568.0,Goa,1600000
2023,3568.0,Arunachal Pradesh,1500000
2023,3568.0,Mizoram,1200000
2023,3568.0,Sikkim,700000
2023,3568.0,Chandigarh,1200000
2024,4000.0,Uttar Pradesh,237882725
2024,4000.0,Maharashtra,125744000
2024,4000.0,Bihar,124799926
2024,4000.0,West Bengal,100666000
2024,4000.0,Madhya Pradesh,86262000
2024,4000.0,Tamil Nadu,77840000
2024,4000.0,Rajasthan,81032689
2024,4000.0,Karnataka,70200000
2024,4000.0,Gujarat,69200000
2024,4000.0,Andhra Pradesh,53900000
2024,4000.0,Odisha,46300000
2024,4000.0,Telangana,39500000
2024,4000.0,Kerala,35600000
2024,4000.0,Jharkhand,38500000
2024,4000.0,Assam,35600000
2024,4000.0,Punjab,30400000
2024,4000.0,Chhattisgarh,29400000
2024,4000.0,Haryana,28900000
2024,4000.0,Delhi,20000000
2024,4000.0,Jammu & Kashmir,13600000
2024,4000.0,Uttarakhand,11200000
2024,4000.0,Himachal Pradesh,7500000
2024,4000.0,Tripura,4100000
2024,4000.0,Meghalaya,3600000
2024,4000.0,Manipur,3100000
2024,4000.0,Nagaland,2200000
2024,4000.0,Goa,1600000
2024,4000.0,Arunachal Pradesh,1500000
2024,4000.0,Mizoram,1200000
2024,4000.0,Sikkim,700000
2024,4000.0,Chandigarh,1200000
